{"cameraMode":{"drawMode":0,"name":"Shaded","section":"Shading Mode"},"sceneLighting":true,"audioPlay":false,"sceneViewState":{"showFog":false,"showMaterialUpdate":false,"showSkybox":false,"showFlares":false,"showImageEffects":false,"showParticleSystems":false},"in2DMode":false,"pivot":{"x":239.93116760253907,"y":-88.57400512695313,"z":-17.52011489868164},"rotation":{"x":0.12803439795970918,"y":0.7159634828567505,"z":-0.13628415763378144,"w":0.672629177570343},"size":156.16969299316407,"orthographic":false}